Feature,Importance
Cyberbullying_Frequency_Ordinal,0.10316028165885402
Experienced_Cyberbullying_Binary,0.06928820223349537
Sought_Help_No,0.0658504136062316
Action_Taken_Reported the account,0.06371997589065065
Action_Taken_Told Friends / Family,0.05087917777075835
Sought_Help_Psychologist,0.050220017317388746
Daily_Usage_Ordinal,0.030387469346187596
Action_Taken_Blocked the user,0.029875740183368697
Action_Taken_Ignored it,0.029449017800997773
Age_Ordinal,0.025912100841964575
Sought_Help_Friends,0.024302019658539804
Sought_Help_Family,0.02236534569838884
Witnessed_Cyberbullying_Binary,0.020397937267558962
Action_Taken_Took No Action,0.018679110574801632
Incident_Platform_Instagram,0.016892589714272783
Platform_Used_Instagram,0.01650055590968619
Platform_Used_YouTube,0.015831164916884743
Incident_Platform_WhatsApp,0.015214815332279582
Bullying_Type_Offensive Comments,0.01519193303963476
Bullying_Type_Fake Profile,0.01463174907635835
Bullying_Type_Body Shaming,0.014611452237590881
Platform_Used_WhatsApp,0.01432080098514768
Action_Taken_Sought Professional Help,0.0142923849287652
Context_Area_Social Media Community,0.014204797600525483
Context_Area_Unknown Stranger,0.013782148344613073
Bullying_Type_Hate Speech,0.013285150950012276
Gender_Female,0.013248997652779159
Bullying_Type_Fake Rumors,0.013015328047799504
Gender_Male,0.012907363244422338
Incident_Platform_YouTube,0.012582187935117924
Sought_Help_Teacher,0.01189223779745728
Context_Area_Family,0.011116357817070365
Incident_Platform_Others,0.011005422161992148
Posted_Offensive_No,0.010947182834263217
Context_Area_Friends Circle,0.010301385754587201
Context_Area_School / College,0.010300876363185989
Incident_Platform_Facebook,0.010184618753487968
Context_Area_Other,0.0097792405608122
Bullying_Type_Threats,0.009675637417921067
Context_Area_Online Gaming,0.009163271974649714
Posted_Offensive_Yes,0.00897397732257812
Bullying_Type_Stalking,0.008906086155680901
Platform_Used_Others,0.008280391082437569
Bullying_Type_Other,0.006699489381013552
Context_Area_Workplace,0.005553624996209175
Platform_Used_Facebook,0.005465485592577439
Posted_Offensive_Not Sure,0.005318985857081409
Gender_Prefer not to say,0.0030177290514502905
Sought_Help_Helpline,0.002864505637512376
Gender_Non-binary,0.0027328100101167243
Bullying_Type_Sexual Harassment,0.00144496003088035
Bullying_Type_Impersonation,0.0007551613525032552
Platform_Used_X (Twitter),0.0005572360962488688
Sought_Help_Counselor,6.309623320636991e-05
