Feature,Mean_Abs_SHAP
Experienced_Cyberbullying_Binary,0.04672501265241251
Cyberbullying_Frequency_Ordinal,0.04319298589128777
Sought_Help_No,0.042551680689469885
Action_Taken_Reported the account,0.03677340972630079
Action_Taken_Told Friends / Family,0.033599901189665694
Sought_Help_Psychologist,0.027496870661993883
Action_Taken_Ignored it,0.01714098062098067
Sought_Help_Friends,0.01577926116250641
Action_Taken_Blocked the user,0.013912280875761135
Action_Taken_Took No Action,0.013189192097713145
Sought_Help_Family,0.011623224352225469
Witnessed_Cyberbullying_Binary,0.008494590427581909
Daily_Usage_Ordinal,0.005742427241443828
Action_Taken_Sought Professional Help,0.005600349327024957
Sought_Help_Teacher,0.005302686423397239
Platform_Used_YouTube,0.0040999797459000805
Context_Area_Unknown Stranger,0.003979113886452679
Gender_Female,0.003967775826040435
Context_Area_Social Media Community,0.0039344190178901665
Incident_Platform_Instagram,0.003910738524768439
Bullying_Type_Body Shaming,0.003897799445696285
Incident_Platform_WhatsApp,0.0038064737683548068
Platform_Used_Instagram,0.003724042402755058
Incident_Platform_YouTube,0.0036897050548342146
Incident_Platform_Facebook,0.003657541594268623
Bullying_Type_Fake Profile,0.0035816013974059257
Age_Ordinal,0.0035538510295855513
Context_Area_Family,0.003121724662378528
Bullying_Type_Offensive Comments,0.00303584810261839
Gender_Male,0.0030162726213404504
Bullying_Type_Fake Rumors,0.002833979839306065
Platform_Used_WhatsApp,0.0027987408746665806
Bullying_Type_Hate Speech,0.002774413899044661
Context_Area_Friends Circle,0.002460029868103564
Context_Area_School / College,0.0023512646599051362
Posted_Offensive_No,0.00219750928818426
Incident_Platform_Others,0.002172453839753818
Bullying_Type_Other,0.0019831006136625663
Posted_Offensive_Yes,0.0019535199045956383
Context_Area_Online Gaming,0.001771124630573841
Context_Area_Other,0.0017440568012481324
Bullying_Type_Threats,0.0014148553614224885
Bullying_Type_Stalking,0.0013172942641189631
Platform_Used_Others,0.001237370863288717
Context_Area_Workplace,0.001021193312438085
Posted_Offensive_Not Sure,0.0008986630474130376
Platform_Used_Facebook,0.0007706924499956023
Sought_Help_Helpline,0.0005707023556240308
Gender_Prefer not to say,0.0004173391810033645
Gender_Non-binary,0.0004021378162971446
Bullying_Type_Sexual Harassment,0.00017326107574234335
Bullying_Type_Impersonation,0.00011718864134704462
Platform_Used_X (Twitter),8.830026937023976e-05
Sought_Help_Counselor,1.0782036636864538e-05
