Rank,Hypothesis_Test,Raw_p_value,BH_Critical_Value,Significant_FDR_0_05
1,Spearman: Emotional_Impact_Severity vs Mental_Health_Impact,0.0,0.002777777777777778,True
2,Chi-Square: Cyberbullying Frequency (Q11),2.2422330619433196e-167,0.005555555555555556,True
3,Spearman: Cyberbullying_Frequency vs Emotional_Impact_Severity,6.634849211751241e-152,0.008333333333333333,True
4,Welch t-test: Mental Health Impact Score (0-3),7.499939540501433e-152,0.011111111111111112,True
5,Spearman: Cyberbullying_Frequency vs Mental_Health_Impact,4.201018515358932e-149,0.01388888888888889,True
6,Welch t-test: Emotional Impact Severity (1-5),5.13030887200523e-145,0.016666666666666666,True
7,Chi-Square: Experienced Cyberbullying (Q5),3.911087388818168e-120,0.019444444444444445,True
8,Chi-Square: Witnessed Cyberbullying (Q6),4.939750554346589e-27,0.022222222222222223,True
9,ANOVA: Daily Usage Hours,1.3545832707976914e-11,0.025,True
10,Chi-Square: Harassment Context Area (Q17),4.73657392809869e-11,0.02777777777777778,True
11,Chi-Square: Daily Usage Hours (Q4),7.242530061345983e-10,0.030555555555555558,True
12,Chi-Square: Incident Platform (Q10),9.073040235365755e-05,0.03333333333333333,True
13,Spearman: Daily_Usage_Hours vs Mental_Health_Impact,0.13619900886373865,0.036111111111111115,False
14,Spearman: Daily_Usage_Hours vs Emotional_Impact_Severity,0.15842542781864274,0.03888888888888889,False
15,ANOVA: Age Cohorts,0.1600772178335676,0.04166666666666667,False
16,Chi-Square: Gender Identity (Q2),0.3160999438405362,0.044444444444444446,False
17,Chi-Square: Posted Offensive Content (Q7),0.9757133817775068,0.04722222222222222,False
18,Spearman: Daily_Usage_Hours vs Cyberbullying_Frequency,0.9834092859282415,0.05,False
