Test_Performed,Variables_Analyzed,Test_Statistic,p_value,Effect_Size,Factual_Interpretation
Pearson's Chi-Square Test,Experienced Cyberbullying (Q5) × Mental Health Impact (Q12),"Chi2 = 146.28, df = 3",1.6709e-31,Cramér's V = 0.534 (Large),Significant association; respondents with cyberbullying exposure report higher mental health impact tiers.
Pearson's Chi-Square Test,Cyberbullying Encounter Frequency (Q11) × Mental Health Impact (Q12),"Chi2 = 51.74, df = 12",6.8808e-07,Cramér's V = 0.184 (Medium),Significant association; more frequent encounters correlate with higher self-reported impact.
Pearson's Chi-Square Test,Incident Social Media Platform (Q10) × Mental Health Impact (Q12),"Chi2 = 21.74, df = 12",4.0582e-02,Cramér's V = 0.119 (Small),Significant weak association; platform environment modestly influences observed impact distribution.
Pearson's Chi-Square Test,Gender Identity (Q2) × Mental Health Impact (Q12),"Chi2 = 13.59, df = 9",1.3774e-01,Cramér's V = 0.094 (Small),No statistically significant association (p >= 0.05); impact distribution is similar across genders.
Pearson's Chi-Square Test,Daily Usage Hours (Q4) × Mental Health Impact (Q12),"Chi2 = 8.98, df = 9",4.3899e-01,Cramér's V = 0.076 (Negligible),No statistically significant association (p >= 0.05); daily hours alone do not differentiate impact.
Spearman Rank Correlation,Emotional Impact Severity (1–5) vs Mental Health Impact Rank (0–3),rho = 0.319,1.8463e-13,rho = 0.319 (Moderate),Statistically significant positive monotonic correlation; higher emotional severity aligns with higher impact.
Spearman Rank Correlation,Cyberbullying Frequency (0–4) vs Mental Health Impact Rank (0–3),rho = 0.242,3.0154e-08,rho = 0.242 (Weak),Statistically significant positive correlation; higher encounter frequency aligns with higher impact.
Spearman Rank Correlation,Cyberbullying Frequency (0–4) vs Emotional Impact Severity (1–5),rho = 0.278,2.0835e-10,rho = 0.278 (Weak),Statistically significant positive correlation; frequent encounters correlate with higher acute severity.
Spearman Rank Correlation,Daily Social Media Usage vs Mental Health Impact Rank,rho = 0.029,7.3350e-01,rho = 0.029 (Negligible),No statistically significant correlation (p >= 0.05); screen time does not monotonically track impact.
